provincia,canton,parroquia
Azuay,Cuenca,Bellavista
Azuay,Cuenca,Cañaribamba
Azuay,Cuenca El,Batan
Azuay,Cuenca El,Sagrario
Azuay,Cuenca El,Vecino
Azuay,Cuenca Gil Ramirez,Davalos
Azuay,Cuenca,Huaynacapac
Azuay,Cuenca,Machangara
Azuay,Cuenca,Monay
Azuay,Cuenca San,Blas
Azuay,Cuenca San,Sebastian
Azuay,Cuenca,Sucre
Azuay,Cuenca,Totoracocha
Azuay,Cuenca,Yanuncay
Azuay,Cuenca Hermano,Miguel
Azuay,Cuenca,Cuenca
Azuay,Cuenca,Baños
Azuay,Cuenca,Cumbe
Azuay,Cuenca,Chaucha
Azuay,Cuenca Checa,(Jidcay)
Azuay,Cuenca,Chiquintad
Azuay,Cuenca,Llacao
Azuay,Cuenca,Molleturo
Azuay,Cuenca,Nulti
Azuay,Cuenca Octavio Cordero Palacios (Santa,Rosa)
Azuay,Cuenca,Paccha
Azuay,Cuenca,Quingeo
Azuay,Cuenca,Ricaurte
Azuay,Cuenca San,Joaquin
Azuay,Cuenca Santa,Ana
Azuay,Cuenca,Sayausi
Azuay,Cuenca,Sidcay
Azuay,Cuenca,Sinincay
Azuay,Cuenca,Tarqui
Azuay,Cuenca,Turi
Azuay,Cuenca,Valle
Azuay,Cuenca Victoria Del Portete,(Irquis)
Azuay,Giron,Giron
Azuay,Giron,Asuncion
Azuay,Giron San,Gerardo
Azuay,Gualaceo,Gualaceo
Azuay,Gualaceo,Chordeleg
Azuay,Gualaceo Daniel Cordova Toral (El,Oriente)
Azuay,Gualaceo,Jadan
Azuay,Gualaceo Mariano,Moreno
Azuay,Gualaceo,Principal
Azuay,Gualaceo Remigio Crespo Toral,(Gulag)
Azuay,Gualaceo San,Juan
Azuay,Gualaceo,Zhidmad
Azuay,Gualaceo Luis Cordero,Vega
Azuay,Gualaceo Simon Bolivar (Cab. En,Gañanzol)
Azuay,Nabon,Nabon
Azuay,Nabon,Cochapata
Azuay,Nabon El Progreso (Cab.En,Zhota)
Azuay,Nabon Las Nieves,(Chaya)
Azuay,Nabon,Oña
Azuay,Paute,Paute
Azuay,Paute,Amaluza
Azuay,Paute Bulan (Jose Victor,Izquierdo)
Azuay,Paute Chican (Guillermo,Ortega)
Azuay,Paute El,Cabo
Azuay,Paute,Guachapala
Azuay,Paute,Guarainag
Azuay,Paute,Palmas
Azuay,Paute,Pan
Azuay,Paute San Cristobal (Carlos Ordoñez,Lazo)
Azuay,Paute Sevilla De,Oro
Azuay,Paute,Tomebamba
Azuay,Paute Dug,Dug
Azuay,Pucara,Pucara
Azuay,Pucara Camilo Ponce Enriquez (Cab. En Rio 7 De,Mollepongo)
Azuay,Pucara San Rafael De,Sharug
Azuay,San Fernando San,Fernando
Azuay,San Fernando,Chumblin
Azuay,Santa Isabel Santa Isabel,(Chaguarurco)
Azuay,Santa Isabel Abdon Calderon (La,Union)
Azuay,Santa Isabel El Carmen De,Pijili
Azuay,Santa Isabel Zhaglli,(Shaglli)
Azuay,Santa Isabel San Salvador De,Cañaribamba
Azuay,Sigsig,Sigsig
Azuay,Sigsig Cuchil,(Cutchil)
Azuay,Sigsig,Gima
Azuay,Sigsig,Guel
Azuay,Sigsig,Ludo
Azuay,Sigsig San,Bartolome
Azuay,Sigsig San Jose De,Raranga
Azuay,Oña San Felipe De Oña Cabecera,Cantonal
Azuay,Oña,Susudel
Azuay,Chordeleg,Chordeleg
Azuay,Chordeleg,Principal
Azuay,Chordeleg La,Union
Azuay,Chordeleg Luis Galarza Orellana (Cab.En,Delegsol)
Azuay,Chordeleg San Martin De,Puzhio
Azuay,El Pan El,Pan
Azuay,El Pan,Amaluza
Azuay,El Pan,Palmas
Azuay,El Pan San,Vicente
Azuay,Sevilla De Oro Sevilla De,Oro
Azuay,Sevilla De Oro,Amaluza
Azuay,Sevilla De Oro,Palmas
Azuay,Guachapala,Guachapala
Azuay,Camilo Ponce Enriquez Camilo Ponce,Enriquez
Azuay,Camilo Ponce Enriquez El Carmen De,Pijili
Bolivar,Guaranda Angel Polibio,Chaves
Bolivar,Guaranda Gabriel Ignacio,Veintimilla
Bolivar,Guaranda,Guanujo
Bolivar,Guaranda,Guaranda
Bolivar,Guaranda Facundo,Vela
Bolivar,Guaranda Julio E. Moreno (Catanahuan,Grande)
Bolivar,Guaranda Las,Naves
Bolivar,Guaranda,Salinas
Bolivar,Guaranda San,Lorenzo
Bolivar,Guaranda San Simon,(Yacoto)
Bolivar,Guaranda Santa Fe (Santa,Fe)
Bolivar,Guaranda,Simiatug
Bolivar,Guaranda San Luis De,Pambil
Bolivar,Chillanes,Chillanes
Bolivar,Chillanes San Jose Del Tambo,(Tambopamba)
Bolivar,Chimbo San Jose De,Chimbo
Bolivar,Chimbo Asuncion,(Asancoto)
Bolivar,Chimbo,Caluma
Bolivar,Chimbo Magdalena,(Chapacoto)
Bolivar,Chimbo San,Sebastian
Bolivar,Chimbo,Telimbela
Bolivar,Echeandia,Echeandia
Bolivar,San Miguel San,Miguel
Bolivar,San Miguel,Balsapamba
Bolivar,San Miguel,Bilovan
Bolivar,San Miguel Regulo De,Mora
Bolivar,San Miguel San Pablo (San Pablo De,Atenas)
Bolivar,San Miguel,Santiago
Bolivar,San Miguel San,Vicente
Bolivar,Caluma,Caluma
Bolivar,Las Naves Las,Mercedes
Bolivar,Las Naves Las,Naves
Cañar,Azogues Aurelio Bayas,Martinez
Cañar,Azogues,Azogues
Cañar,Azogues,Borrero
Cañar,Azogues San,Francisco
Cañar,Azogues,Cojitambo
Cañar,Azogues,Deleg
Cañar,Azogues,Guapan
Cañar,Azogues Javier Loyola,(Chuquipata)
Cañar,Azogues Luis,Cordero
Cañar,Azogues,Pindilig
Cañar,Azogues,Rivera
Cañar,Azogues San,Miguel
Cañar,Azogues,Solano
Cañar,Azogues,Taday
Cañar,Biblian,Biblian
Cañar,Biblian Nazon (Cab. En Pampa De,Dominguez)
Cañar,Biblian San Francisco De,Sageo
Cañar,Biblian,Turupamba
Cañar,Biblian,Jerusalen
Cañar,Cañar,Cañar
Cañar,Cañar,Chontamarca
Cañar,Cañar,Chorocopte
Cañar,Cañar General Morales,(Socarte)
Cañar,Cañar,Gualleturo
Cañar,Cañar Honorato Vasquez (Tambo,Viejo)
Cañar,Cañar,Ingapirca
Cañar,Cañar,Juncal
Cañar,Cañar San,Antonio
Cañar,Cañar,Suscal
Cañar,Cañar,Tambo
Cañar,Cañar,Zhud
Cañar,Cañar,Ventura
Cañar,Cañar,Ducur
Cañar,La Troncal La,Troncal
Cañar,La Troncal Manuel J.,Calle
Cañar,La Troncal Pancho,Negro
Cañar,El Tambo El,Tambo
Cañar,Deleg,Deleg
Cañar,Deleg,Solano
Cañar,Suscal,Suscal
Carchi,Tulcan Gonzalez,Suarez
Carchi,Tulcan,Tulcan
Carchi,Tulcan El Carmelo (El,Pun)
Carchi,Tulcan,Huaca
Carchi,Tulcan Julio Andrade,(Orejuela)
Carchi,Tulcan,Maldonado
Carchi,Tulcan,Pioter
Carchi,Tulcan Tobar Donoso (La Bocana De,Camumbi)
Carchi,Tulcan,Tufiño
Carchi,Tulcan Urbina,(Taya)
Carchi,Tulcan El,Chical
Carchi,Tulcan Mariscal,Sucre
Carchi,Tulcan Santa Martha De,Cuba
Carchi,Bolivar,Bolivar
Carchi,Bolivar Garcia,Moreno
Carchi,Bolivar Los,Andes
Carchi,Bolivar Monte,Olivo
Carchi,Bolivar San Vicente De,Pusir
Carchi,Bolivar San,Rafael
Carchi,Espejo El,Angel
Carchi,Espejo 27 De,Septiembre
Carchi,Espejo El,Goaltal
Carchi,Espejo La Libertad,(Alizo)
Carchi,Espejo San,Isidro
Carchi,Mira Mira,(Chontahuasi)
Carchi,Mira,Concepcion
Carchi,Mira Jijon Y Caamaño (Cab. En Rio,Blanco)
Carchi,Mira Juan Montalvo (San Ignacio De,Quil)
Carchi,Montufar Gonzalez,Suarez
Carchi,Montufar San,Jose
Carchi,Montufar San,Gabriel
Carchi,Montufar Cristobal,Colon
Carchi,Montufar Chitan De,Navarrete
Carchi,Montufar Fernandez,Salvador
Carchi,Montufar La,Paz
Carchi,Montufar,Piartal
Carchi,San Pedro De Huaca,Huaca
Carchi,San Pedro De Huaca Mariscal,Sucre
Cotopaxi,Latacunga Eloy Alfaro (San,Felipe)
Cotopaxi,Latacunga Ignacio Flores (Parque,Flores)
Cotopaxi,Latacunga Juan Montalvo (San,Sebastian)
Cotopaxi,Latacunga La,Matriz
Cotopaxi,Latacunga San,Buenaventura
Cotopaxi,Latacunga,Latacunga
Cotopaxi,Latacunga Alaques,(Alaquez)
Cotopaxi,Latacunga Belisario Quevedo,(Guanailin)
Cotopaxi,Latacunga Guaitacama,(Guaytacama)
Cotopaxi,Latacunga Joseguango,Bajo
Cotopaxi,Latacunga Las,Pampas
Cotopaxi,Latacunga,Mulalo
Cotopaxi,Latacunga 11 De Noviembre,(Ilinchisi)
Cotopaxi,Latacunga,Poalo
Cotopaxi,Latacunga San Juan De,Pastocalle
Cotopaxi,Latacunga,Sigchos
Cotopaxi,Latacunga,Tanicuchi
Cotopaxi,Latacunga,Toacaso
Cotopaxi,Latacunga Palo,Quemado
Cotopaxi,La Mana El,Carmen
Cotopaxi,La Mana La,Mana
Cotopaxi,La Mana El,Triunfo
Cotopaxi,La Mana Guasaganda (Cab.En,Guasaganda
Cotopaxi,La Mana,Pucayacu
Cotopaxi,Pangua El,Corazon
Cotopaxi,Pangua,Moraspungo
Cotopaxi,Pangua,Pinllopata
Cotopaxi,Pangua Ramon,Campaña
Cotopaxi,Pujili,Pujili
Cotopaxi,Pujili,Angamarca
Cotopaxi,Pujili Chucchilan,(Chugchilan)
Cotopaxi,Pujili,Guangaje
Cotopaxi,Pujili Isinlibi,(Isinlivi)
Cotopaxi,Pujili La,Victoria
Cotopaxi,Pujili,Pilalo
Cotopaxi,Pujili,Tingo
Cotopaxi,Pujili,Zumbahua
Cotopaxi,Salcedo San,Miguel
Cotopaxi,Salcedo Antonio Jose Holguin (Santa,Lucia)
Cotopaxi,Salcedo,Cusubamba
Cotopaxi,Salcedo,Mulalillo
Cotopaxi,Salcedo Mulliquindil (Santa,Ana)
Cotopaxi,Salcedo,Pansaleo
Cotopaxi,Saquisili,Saquisili
Cotopaxi,Saquisili,Canchagua
Cotopaxi,Saquisili,Chantilin
Cotopaxi,Saquisili,Cochapamba
Cotopaxi,Sigchos,Sigchos
Cotopaxi,Sigchos,Chugchillan
Cotopaxi,Sigchos,Isinlivi
Cotopaxi,Sigchos Las,Pampas
Cotopaxi,Sigchos Palo,Quemado
Chimborazo,Riobamba,Lizarzaburu
Chimborazo,Riobamba,Maldonado
Chimborazo,Riobamba,Velasco
Chimborazo,Riobamba,Veloz
Chimborazo,Riobamba,Yaruquies
Chimborazo,Riobamba,Riobamba
Chimborazo,Riobamba Cacha (Cab. En,Machangara)
Chimborazo,Riobamba,Calpi
Chimborazo,Riobamba,Cubijies
Chimborazo,Riobamba,Flores
Chimborazo,Riobamba,Lican
Chimborazo,Riobamba,Licto
Chimborazo,Riobamba,Pungala
Chimborazo,Riobamba,Punin
Chimborazo,Riobamba,Quimiag
Chimborazo,Riobamba San,Juan
Chimborazo,Riobamba San,Luis
Chimborazo,Alausi,Alausi
Chimborazo,Alausi,Achupallas
Chimborazo,Alausi,Cumanda
Chimborazo,Alausi,Guasuntos
Chimborazo,Alausi,Huigra
Chimborazo,Alausi,Multitud
Chimborazo,Alausi Pistishi (Nariz Del,Diablo)
Chimborazo,Alausi,Pumallacta
Chimborazo,Alausi,Sevilla
Chimborazo,Alausi,Sibambe
Chimborazo,Alausi,Tixan
Chimborazo,Colta,Cajabamba
Chimborazo,Colta,Sicalpa
Chimborazo,Colta Villa La Union,(Cajabamba)
Chimborazo,Colta,Cañi
Chimborazo,Colta,Columbe
Chimborazo,Colta Juan De Velasco,(Pangor)
Chimborazo,Colta Santiago De Quito (Cab. En San Antonio De,Quito)
Chimborazo,Chambo,Chambo
Chimborazo,Chunchi,Chunchi
Chimborazo,Chunchi,Capzol
Chimborazo,Chunchi,Compud
Chimborazo,Chunchi,Gonzol
Chimborazo,Chunchi,Llagos
Chimborazo,Guamote,Guamote
Chimborazo,Guamote,Cebadas
Chimborazo,Guamote,Palmira
Chimborazo,Guano El,Rosario
Chimborazo,Guano La,Matriz
Chimborazo,Guano,Guano
Chimborazo,Guano,Guanando
Chimborazo,Guano,Ilapo
Chimborazo,Guano La,Providencia
Chimborazo,Guano San,Andres
Chimborazo,Guano San Gerardo De,Pacaicaguan
Chimborazo,Guano San Isidro De,Patulu
Chimborazo,Guano San Jose Del,Chazo
Chimborazo,Guano Santa Fe De,Galan
Chimborazo,Guano,Valparaiso
Chimborazo,Pallatanga,Pallatanga
Chimborazo,Penipe,Penipe
Chimborazo,Penipe El,Altar
Chimborazo,Penipe,Matus
Chimborazo,Penipe,Puela
Chimborazo,Penipe San Antonio De,Bayushig
Chimborazo,Penipe La,Candelaria
Chimborazo,Penipe Bilbao (Cab.En,Quilluyacu)
Chimborazo,Cumanda,Cumanda
El,Oro Machala La,Providencia
El,Oro Machala,Machala
El,Oro Machala Puerto,Bolivar
El,Oro Machala Nueve De,Mayo
El,Oro Machala El,Cambio
El,Oro Machala El,Retiro
El,Oro Arenillas,Arenillas
El,Oro Arenillas,Chacras
El,Oro Arenillas La,Libertad
El,Oro Arenillas Las Lajas (Cab. En La,Victoria)
El,Oro Arenillas,Palmales
El,Oro Arenillas,Carcabon
El,Oro Atahualpa,Paccha
El,Oro Atahualpa,Ayapamba
El,Oro Atahualpa,Cordoncillo
El,Oro Atahualpa,Milagro
El,Oro Atahualpa San,Jose
El,Oro Atahualpa San Juan De Cerro,Azul
El,Oro Balsas,Balsas
El,Oro Balsas,Bellamaria
El,Oro Chilla,Chilla
El,Oro El Guabo El,Guabo
El,Oro El Guabo Barbones,(Sucre)
El,Oro El Guabo La,Iberia
El,Oro El Guabo Tendales (Cab.En Puerto,Tendales)
El,Oro El Guabo Rio,Bonito
El,Oro Huaquillas,Ecuador
El,Oro Huaquillas El,Paraiso
El,Oro Huaquillas,Hualtaco
El,Oro Huaquillas Milton,Reyes
El,Oro Huaquillas Union,Lojana
El,Oro Huaquillas,Huaquillas
El,Oro Marcabeli,Marcabeli
El,Oro Marcabeli El,Ingenio
El,Oro Pasaje,Bolivar
El,Oro Pasaje Loma De,Franco
El,Oro Pasaje Ochoa Leon,(Matriz)
El,Oro Pasaje Tres,Cerritos
El,Oro Pasaje,Pasaje
El,Oro Pasaje,Buenavista
El,Oro Pasaje,Casacay
El,Oro Pasaje La,Peaña
El,Oro Pasaje,Progreso
El,Oro Pasaje,Uzhcurrumi
El,Oro Pasaje,Cañaquemada
El,Oro Piñas La,Matriz
El,Oro Piñas La,Susaya
El,Oro Piñas Piñas,Grande
El,Oro Piñas,Piñas
El,Oro Piñas Capiro (Cab. En La Capilla De,Capiro)
El,Oro Piñas La,Bocana
El,Oro Piñas Moromoro (Cab. En El,Vado)
El,Oro Piñas,Piedras
El,Oro Piñas San Roque (Ambrosio,Maldonado)
El,Oro Piñas,Saracay
El,Oro Portovelo,Portovelo
El,Oro Portovelo,Curtincapa
El,Oro Portovelo,Morales
El,Oro Portovelo,Salati
El,Oro Santa Rosa Santa,Rosa
El,Oro Santa Rosa Puerto,Jeli
El,Oro Santa Rosa Balneario Jambeli,(Satelite)
El,Oro Santa Rosa Jumon,(Satelite)
El,Oro Santa Rosa Nuevo Santa,Rosa
El,Oro Santa Rosa,Bellavista
El,Oro Santa Rosa,Jambeli
El,Oro Santa Rosa La,Avanzada
El,Oro Santa Rosa San,Antonio
El,Oro Santa Rosa,Torata
El,Oro Santa Rosa,Victoria
El,Oro Santa Rosa,Bellamaria
El,Oro Zaruma,Zaruma
El,Oro Zaruma,Abañin
El,Oro Zaruma,Arcapamba
El,Oro Zaruma,Guanazan
El,Oro Zaruma,Guizhaguiña
El,Oro Zaruma,Huertas
El,Oro Zaruma,Malvas
El,Oro Zaruma Muluncay,Grande
El,Oro Zaruma,Sinsao
El,Oro Zaruma,Salvias
El,Oro Las Lajas La,Victoria
El,Oro Las Lajas,Platanillos
El,Oro Las Lajas Valle,Hermoso
El,Oro Las Lajas La,Libertad
El,Oro Las Lajas El,Paraiso
El,Oro Las Lajas San,Isidro
Esmeraldas,Esmeraldas Bartolome Ruiz (Cesar Franco,Carrion)
Esmeraldas,Esmeraldas 5 De,Agosto
Esmeraldas,Esmeraldas,Esmeraldas
Esmeraldas,Esmeraldas Luis Tello (Las,Palmas)
Esmeraldas,Esmeraldas Simon Plata,Torres
Esmeraldas,Esmeraldas,Atacames
Esmeraldas,Esmeraldas Camarones (Cab. En San,Vicente)
Esmeraldas,Esmeraldas Crnel. Carlos Concha Torres (Cab.En,Huele)
Esmeraldas,Esmeraldas,Chinca
Esmeraldas,Esmeraldas,Chontaduro
Esmeraldas,Esmeraldas,Chumunde
Esmeraldas,Esmeraldas,Lagarto
Esmeraldas,Esmeraldas La,Union
Esmeraldas,Esmeraldas,Majua
Esmeraldas,Esmeraldas Montalvo (Cab. En,Horqueta)
Esmeraldas,Esmeraldas Rio,Verde
Esmeraldas,Esmeraldas,Rocafuerte
Esmeraldas,Esmeraldas San,Mateo
Esmeraldas,Esmeraldas Sua (Cab. En La,Bocana)
Esmeraldas,Esmeraldas,Tabiazo
Esmeraldas,Esmeraldas,Tachina
Esmeraldas,Esmeraldas,Tonchigüe
Esmeraldas,Esmeraldas Vuelta,Larga
Esmeraldas,Eloy Alfaro Valdez,(Limones)
Esmeraldas,Eloy Alfaro,Anchayacu
Esmeraldas,Eloy Alfaro Atahualpa (Cab. En,Camarones)
Esmeraldas,Eloy Alfaro,Borbon
Esmeraldas,Eloy Alfaro La,Tola
Esmeraldas,Eloy Alfaro Luis Vargas Torres (Cab. En Playa De,Oro)
Esmeraldas,Eloy Alfaro,Maldonado
Esmeraldas,Eloy Alfaro Pampanal De,Bolivar
Esmeraldas,Eloy Alfaro San Francisco De,Onzole
Esmeraldas,Eloy Alfaro Santo Domingo De,Onzole
Esmeraldas,Eloy Alfaro Selva,Alegre
Esmeraldas,Eloy Alfaro,Telembi
Esmeraldas,Eloy Alfaro Colon Eloy Del,Maria
Esmeraldas,Eloy Alfaro San Jose De,Cayapas
Esmeraldas,Eloy Alfaro,Timbire
Esmeraldas,Muisne,Muisne
Esmeraldas,Muisne,Bolivar
Esmeraldas,Muisne,Daule
Esmeraldas,Muisne,Galera
Esmeraldas,Muisne Quingue (Olmedo Perdomo,Franco)
Esmeraldas,Muisne,Salima
Esmeraldas,Muisne San,Francisco
Esmeraldas,Muisne San,Gregorio
Esmeraldas,Muisne San Jose De Chamanga (Cab.En,Chamanga)
Esmeraldas,Quininde Rosa Zarate,(Quininde)
Esmeraldas,Quininde,Cube
Esmeraldas,Quininde Chura (Chancama) (Cab. En El,Yerbero)
Esmeraldas,Quininde,Malimpia
Esmeraldas,Quininde,Viche
Esmeraldas,Quininde La,Union
Esmeraldas,San Lorenzo San,Lorenzo
Esmeraldas,San Lorenzo Alto Tambo (Cab. En,Guadual)
Esmeraldas,San Lorenzo Ancon (Pichangal) (Cab. En Palma,Real)
Esmeraldas,San Lorenzo,Calderon
Esmeraldas,San Lorenzo,Carondelet
Esmeraldas,San Lorenzo 5 De Junio (Cab. En,Uimbi)
Esmeraldas,San Lorenzo,Concepcion
Esmeraldas,San Lorenzo Mataje (Cab. En,Santander)
Esmeraldas,San Lorenzo San Javier De Cachavi (Cab. En San,Javier)
Esmeraldas,San Lorenzo Santa,Rita
Esmeraldas,San Lorenzo,Tambillo
Esmeraldas,San Lorenzo Tululbi (Cab. En,Ricaurte)
Esmeraldas,San Lorenzo,Urbina
Esmeraldas,Atacames,Atacames
Esmeraldas,Atacames La,Union
Esmeraldas,Atacames Sua (Cab. En La,Bocana)
Esmeraldas,Atacames,Tonchigüe
Esmeraldas,Atacames,Tonsupa
Esmeraldas,Rioverde,Rioverde
Esmeraldas,Rioverde,Chontaduro
Esmeraldas,Rioverde,Chumunde
Esmeraldas,Rioverde,Lagarto
Esmeraldas,Rioverde Montalvo (Cab. En,Horqueta)
Esmeraldas,Rioverde,Rocafuerte
Esmeraldas,La Concordia La,Concordia
Esmeraldas,La Concordia,Monterrey
Esmeraldas,La Concordia La,Villegas
Esmeraldas,La Concordia Plan,Piloto
Guayas,Guayaquil,Ayacucho
Guayas,Guayaquil Bolivar,(Sagrario)
Guayas,Guayaquil Carbo,(Concepcion)
Guayas,Guayaquil Febres,Cordero
Guayas,Guayaquil Garcia,Moreno
Guayas,Guayaquil,Letamendi
Guayas,Guayaquil Nueve De,Octubre
Guayas,Guayaquil Olmedo (San,Alejo)
Guayas,Guayaquil,Roca
Guayas,Guayaquil,Rocafuerte
Guayas,Guayaquil,Sucre
Guayas,Guayaquil,Tarqui
Guayas,Guayaquil,Urdaneta
Guayas,Guayaquil,Ximena
Guayas,Guayaquil,Pascuales
Guayas,Guayaquil,Guayaquil
Guayas,Guayaquil,Chongon
Guayas,Guayaquil Juan Gomez Rendon,(Progreso)
Guayas,Guayaquil,Morro
Guayas,Guayaquil Playas (Gral.,Villamil)
Guayas,Guayaquil,Posorja
Guayas,Guayaquil,Puna
Guayas,Guayaquil,Tenguel
Guayas,Alfredo Baquerizo Moreno (Jujan) Alfredo Baquerizo Moreno,(Jujan)
Guayas,Balao,Balao
Guayas,Balzar,Balzar
Guayas,Colimes,Colimes
Guayas,Colimes San,Jacinto
Guayas,Daule,Daule
Guayas,Daule La Aurora,(Satelite)
Guayas,Daule,Banife
Guayas,Daule Emiliano Caicedo,Marcos
Guayas,Daule,Magro
Guayas,Daule Padre Juan Bautista,Aguirre
Guayas,Daule Santa,Clara
Guayas,Daule Vicente,Piedrahita
Guayas,Daule Isidro Ayora,(Soledad)
Guayas,Daule Juan Bautista Aguirre (Los,Tintos)
Guayas,Daule,Laurel
Guayas,Daule,Limonal
Guayas,Daule Lomas De,Sargentillo
Guayas,Daule Los Lojas (Enrique Baquerizo,Moreno)
Guayas,Daule Piedrahita,(Nobol)
Guayas,Duran Eloy Alfaro,(Duran)
Guayas,Duran El,Recreo
Guayas,El Empalme Velasco Ibarra (El,Empalme)
Guayas,El Empalme Guayas (Pueblo,Nuevo)
Guayas,El Empalme El,Rosario
Guayas,El Triunfo El,Triunfo
Guayas,Milagro,Milagro
Guayas,Milagro,Chobo
Guayas,Milagro General Elizalde,(Bucay)
Guayas,Milagro Mariscal Sucre,(Huaques)
Guayas,Milagro Roberto Astudillo (Cab. En Cruce De,Venecia)
Guayas,Naranjal,Naranjal
Guayas,Naranjal Jesus,Maria
Guayas,Naranjal San,Carlos
Guayas,Naranjal Santa Rosa De,Flandes
Guayas,Naranjal,Taura
Guayas,Naranjito,Naranjito
Guayas,Palestina,Palestina
Guayas,Pedro Carbo Pedro,Carbo
Guayas,Pedro Carbo Valle De La,Virgen
Guayas,Pedro Carbo,Sabanilla
Guayas,Samborondon,Samborondon
Guayas,Samborondon La Puntilla,(Satelite)
Guayas,Samborondon,Tarifa
Guayas,Santa Lucia Santa,Lucia
Guayas,Salitre (Urbina Jado),Bocana
Guayas,Salitre (Urbina Jado),Candilejos
Guayas,Salitre (Urbina Jado),Central
Guayas,Salitre (Urbina Jado),Paraiso
Guayas,Salitre (Urbina Jado) San,Mateo
Guayas,Salitre (Urbina Jado) El Salitre (Las,Ramas)
Guayas,Salitre (Urbina Jado) Gral. Vernaza (Dos,Esteros)
Guayas,Salitre (Urbina Jado) La Victoria,(Ñauza)
Guayas,Salitre (Urbina Jado),Junquillal
Guayas,San Jacinto De Yaguachi San Jacinto De,Yaguachi
Guayas,San Jacinto De Yaguachi Crnel. Lorenzo De Garaicoa,(Pedregal)
Guayas,San Jacinto De Yaguachi Crnel. Marcelino Maridueña (San,Carlos)
Guayas,San Jacinto De Yaguachi Gral. Pedro J. Montero,(Boliche)
Guayas,San Jacinto De Yaguachi Simon,Bolivar
Guayas,San Jacinto De Yaguachi Yaguachi Viejo,(Cone)
Guayas,San Jacinto De Yaguachi Virgen De,Fatima
Guayas,Playas General Villamil,(Playas)
Guayas,Simon Bolivar Simon,Bolivar
Guayas,Simon Bolivar Crnel.Lorenzo De Garaicoa,(Pedregal)
Guayas,Coronel Marcelino Maridueña Coronel Marcelino Maridueña (San,Carlos)
Guayas,Lomas De Sargentillo Lomas De,Sargentillo
Guayas,Lomas De Sargentillo Isidro Ayora,(Soledad)
Guayas,Nobol Narcisa De,Jesus
Guayas,General Antonio Elizalde General Antonio Elizalde,(Bucay)
Guayas,Isidro Ayora Isidro,Ayora
Imbabura,Ibarra,Caranqui
Imbabura,Ibarra Guayaquil De,Alpachaca
Imbabura,Ibarra,Sagrario
Imbabura,Ibarra San,Francisco
Imbabura,Ibarra La Dolorosa Del,Priorato
Imbabura,Ibarra San Miguel De,Ibarra
Imbabura,Ibarra,Ambuqui
Imbabura,Ibarra,Angochagua
Imbabura,Ibarra,Carolina
Imbabura,Ibarra La,Esperanza
Imbabura,Ibarra,Lita
Imbabura,Ibarra,Salinas
Imbabura,Ibarra San,Antonio
Imbabura,Antonio Ante Andrade Marin,(Lourdes)
Imbabura,Antonio Ante,Atuntaqui
Imbabura,Antonio Ante Imbaya (San Luis De,Cobuendo)
Imbabura,Antonio Ante San Francisco De,Natabuela
Imbabura,Antonio Ante San Jose De,Chaltura
Imbabura,Antonio Ante San,Roque
Imbabura,Cotacachi,Sagrario
Imbabura,Cotacachi San,Francisco
Imbabura,Cotacachi,Cotacachi
Imbabura,Cotacachi,Apuela
Imbabura,Cotacachi Garcia Moreno,(Llurimagua)
Imbabura,Cotacachi,Imantag
Imbabura,Cotacachi,Peñaherrera
Imbabura,Cotacachi Plaza Gutierrez,(Calvario)
Imbabura,Cotacachi,Quiroga
Imbabura,Cotacachi 6 De Julio De Cuellaje (Cab. En,Cuellaje)
Imbabura,Cotacachi Vacas Galindo (El Churo) (Cab.En San Miguel,Alto
Imbabura,Otavalo,Jordan
Imbabura,Otavalo San,Luis
Imbabura,Otavalo,Otavalo
Imbabura,Otavalo Dr. Miguel Egas Cabezas,(Peguche)
Imbabura,Otavalo Eugenio Espejo,(Calpaqui)
Imbabura,Otavalo Gonzalez,Suarez
Imbabura,Otavalo,Pataqui
Imbabura,Otavalo San Jose De,Quichinche
Imbabura,Otavalo San Juan De,Iluman
Imbabura,Otavalo San,Pablo
Imbabura,Otavalo San,Rafael
Imbabura,Otavalo Selva Alegre (Cab.En San Miguel De,Pamplona)
Imbabura,Pimampiro,Pimampiro
Imbabura,Pimampiro,Chuga
Imbabura,Pimampiro Mariano,Acosta
Imbabura,Pimampiro San Francisco De,Sigsipamba
Imbabura,San Miguel De Urcuqui Urcuqui Cabecera,Cantonal
Imbabura,San Miguel De Urcuqui,Cahuasqui
Imbabura,San Miguel De Urcuqui La Merced De Buenos,Aires
Imbabura,San Miguel De Urcuqui Pablo,Arenas
Imbabura,San Miguel De Urcuqui San,Blas
Imbabura,San Miguel De Urcuqui,Tumbabiro
Loja,Loja El,Sagrario
Loja,Loja San,Sebastian
Loja,Loja,Sucre
Loja,Loja,Valle
Loja,Loja,Loja
Loja,Loja,Chantaco
Loja,Loja,Chuquiribamba
Loja,Loja El,Cisne
Loja,Loja,Gualel
Loja,Loja,Jimbilla
Loja,Loja Malacatos,(Valladolid)
Loja,Loja San,Lucas
Loja,Loja San Pedro De,Vilcabamba
Loja,Loja,Santiago
Loja,Loja Taquil (Miguel,Riofrio)
Loja,Loja Vilcabamba,(Victoria)
Loja,Loja Yangana (Arsenio,Castillo)
Loja,Loja,Quinara
Loja,Calvas,Cariamanga
Loja,Calvas,Chile
Loja,Calvas San,Vicente
Loja,Calvas,Colaisaca
Loja,Calvas El,Lucero
Loja,Calvas,Utuana
Loja,Calvas,Sanguillin
Loja,Catamayo,Catamayo
Loja,Catamayo San,Jose
Loja,Catamayo Catamayo (La,Toma)
Loja,Catamayo El,Tambo
Loja,Catamayo,Guayquichuma
Loja,Catamayo San Pedro De La,Bendita
Loja,Catamayo,Zambi
Loja,Celica,Celica
Loja,Celica Cruzpamba (Cab. En Carlos,Bustamante)
Loja,Celica,Chaquinal
Loja,Celica 12 De Diciembre (Cab. En,Achiotes)
Loja,Celica Pindal (Federico,Paez)
Loja,Celica Pozul (San Juan De,Pozul)
Loja,Celica,Sabanilla
Loja,Celica Tnte. Maximiliano Rodriguez,Loaiza
Loja,Chaguarpamba,Chaguarpamba
Loja,Chaguarpamba,Buenavista
Loja,Chaguarpamba El,Rosario
Loja,Chaguarpamba Santa,Rufina
Loja,Chaguarpamba,Amarillos
Loja,Espindola,Amaluza
Loja,Espindola,Bellavista
Loja,Espindola,Jimbura
Loja,Espindola Santa,Teresita
Loja,Espindola 27 De Abril (Cab. En La,Naranja)
Loja,Espindola El,Ingenio
Loja,Espindola El,Airo
Loja,Gonzanama,Gonzanama
Loja,Gonzanama Changaimina (La,Libertad)
Loja,Gonzanama,Fundochamba
Loja,Gonzanama,Nambacola
Loja,Gonzanama Purunuma,(Eguiguren)
Loja,Gonzanama Quilanga (La,Paz)
Loja,Gonzanama,Sacapalca
Loja,Gonzanama San Antonio De Las Aradas (Cab. En Las,Aradas)
Loja,Macara General Eloy Alfaro (San,Sebastian)
Loja,Macara Macara (Manuel Enrique Rengel,Suquilanda)
Loja,Macara,Macara
Loja,Macara,Larama
Loja,Macara La,Victoria
Loja,Macara Sabiango (La,Capilla)
Loja,Paltas,Catacocha
Loja,Paltas,Lourdes
Loja,Paltas,Cangonama
Loja,Paltas,Guachanama
Loja,Paltas La,Tingue
Loja,Paltas Lauro,Guerrero
Loja,Paltas Olmedo (Santa,Barbara)
Loja,Paltas,Orianga
Loja,Paltas San,Antonio
Loja,Paltas,Casanga
Loja,Paltas,Yamana
Loja,Puyango,Alamor
Loja,Puyango,Ciano
Loja,Puyango El,Arenal
Loja,Puyango El Limo (Mariana De,Jesus)
Loja,Puyango,Mercadillo
Loja,Puyango,Vicentino
Loja,Saraguro,Saraguro
Loja,Saraguro El Paraiso De,Celen
Loja,Saraguro El,Tablon
Loja,Saraguro,Lluzhapa
Loja,Saraguro,Manu
Loja,Saraguro San Antonio De Qumbe,(Cumbe)
Loja,Saraguro San Pablo De,Tenta
Loja,Saraguro San Sebastian De,Yuluc
Loja,Saraguro Selva,Alegre
Loja,Saraguro Urdaneta,(Paquishapa)
Loja,Saraguro,Sumaypamba
Loja,Sozoranga,Sozoranga
Loja,Sozoranga Nueva,Fatima
Loja,Sozoranga,Tacamoros
Loja,Zapotillo,Zapotillo
Loja,Zapotillo Mangahurco,(Cazaderos)
Loja,Zapotillo,Garzareal
Loja,Zapotillo,Limones
Loja,Zapotillo,Paletillas
Loja,Zapotillo,Bolaspamba
Loja,Pindal,Pindal
Loja,Pindal,Chaquinal
Loja,Pindal 12 De Diciembre (Cab.En,Achiotes)
Loja,Pindal,Milagros
Loja,Quilanga,Quilanga
Loja,Quilanga,Fundochamba
Loja,Quilanga San Antonio De Las Aradas (Cab. En Las,Aradas)
Loja,Olmedo,Olmedo
Loja,Olmedo La,Tingue
Los,Rios Babahoyo Clemente,Baquerizo
Los,Rios Babahoyo Dr. Camilo,Ponce
Los,Rios Babahoyo,Barreiro
Los,Rios Babahoyo El,Salto
Los,Rios Babahoyo,Babahoyo
Los,Rios Babahoyo Barreiro (Santa,Rita)
Los,Rios Babahoyo,Caracol
Los,Rios Babahoyo Febres Cordero (Las,Juntas)
Los,Rios Babahoyo,Pimocha
Los,Rios Babahoyo La,Union
Los,Rios Baba,Baba
Los,Rios Baba,Guare
Los,Rios Baba Isla De,Bejucal
Los,Rios Montalvo,Montalvo
Los,Rios Puebloviejo,Puebloviejo
Los,Rios Puebloviejo Puerto,Pechiche
Los,Rios Puebloviejo San,Juan
Los,Rios Quevedo,Quevedo
Los,Rios Quevedo San,Camilo
Los,Rios Quevedo San,Jose
Los,Rios Quevedo,Guayacan
Los,Rios Quevedo Nicolas Infante,Diaz
Los,Rios Quevedo San,Cristobal
Los,Rios Quevedo Siete De,Octubre
Los,Rios Quevedo 24 De,Mayo
Los,Rios Quevedo Venus Del Rio,Quevedo
Los,Rios Quevedo Viva,Alfaro
Los,Rios Quevedo Buena,Fe
Los,Rios Quevedo,Mocache
Los,Rios Quevedo San,Carlos
Los,Rios Quevedo,Valencia
Los,Rios Quevedo La,Esperanza
Los,Rios Urdaneta,Catarama
Los,Rios Urdaneta,Ricaurte
Los,Rios Ventanas 10 De,Noviembre
Los,Rios Ventanas,Ventanas
Los,Rios Ventanas,Quinsaloma
Los,Rios Ventanas,Zapotal
Los,Rios Ventanas,Chacarita
Los,Rios Ventanas Los,Angeles
Los,Rios Vinces,Vinces
Los,Rios Vinces Antonio Sotomayor (Cab. En Playas De,Vinces)
Los,Rios Vinces,Palenque
Los,Rios Palenque,Palenque
Los,Rios Buena Fe San Jacinto De Buena,Fe
Los,Rios Buena Fe 7 De,Agosto
Los,Rios Buena Fe 11 De,Octubre
Los,Rios Buena Fe Patricia,Pilar
Los,Rios Valencia,Valencia
Los,Rios Mocache,Mocache
Los,Rios Quinsaloma,Quinsaloma
Manabi,Portoviejo,Portoviejo
Manabi,Portoviejo 12 De,Marzo
Manabi,Portoviejo,Colon
Manabi,Portoviejo,Picoaza
Manabi,Portoviejo San,Pablo
Manabi,Portoviejo Andres De,Vera
Manabi,Portoviejo Francisco,Pacheco
Manabi,Portoviejo 18 De,Octubre
Manabi,Portoviejo Simon,Bolivar
Manabi,Portoviejo Abdon Calderon (San,Francisco)
Manabi,Portoviejo Alhajuela (Bajo,Grande)
Manabi,Portoviejo,Crucita
Manabi,Portoviejo Pueblo,Nuevo
Manabi,Portoviejo Riochico (Rio,Chico)
Manabi,Portoviejo San,Placido
Manabi,Portoviejo,Chirijos
Manabi,Bolivar,Calceta
Manabi,Bolivar,Membrillo
Manabi,Bolivar,Quiroga
Manabi,Chone,Chone
Manabi,Chone Santa,Rita
Manabi,Chone,Boyaca
Manabi,Chone,Canuto
Manabi,Chone,Convento
Manabi,Chone,Chibunga
Manabi,Chone Eloy,Alfaro
Manabi,Chone,Ricaurte
Manabi,Chone San,Antonio
Manabi,El Carmen El,Carmen
Manabi,El Carmen 4 De,Diciembre
Manabi,El Carmen Wilfrido Loor Moreira,(Maicito)
Manabi,El Carmen San Pedro De,Suma
Manabi,Flavio Alfaro Flavio,Alfaro
Manabi,Flavio Alfaro San Francisco De Novillo (Cab.,En
Manabi,Flavio Alfaro,Zapallo
Manabi,Jipijapa Dr. Miguel Moran,Lucio
Manabi,Jipijapa Manuel Inocencio Parrales Y,Guale
Manabi,Jipijapa San Lorenzo De,Jipijapa
Manabi,Jipijapa,Jipijapa
Manabi,Jipijapa,America
Manabi,Jipijapa El Anegado (Cab. En Eloy,Alfaro)
Manabi,Jipijapa,Julcuy
Manabi,Jipijapa La,Union
Manabi,Jipijapa,Machalilla
Manabi,Jipijapa,Membrillal
Manabi,Jipijapa Pedro Pablo,Gomez
Manabi,Jipijapa Puerto De,Cayo
Manabi,Jipijapa Puerto,Lopez
Manabi,Junin,Junin
Manabi,Manta Los,Esteros
Manabi,Manta,Manta
Manabi,Manta San,Mateo
Manabi,Manta,Tarqui
Manabi,Manta Eloy,Alfaro
Manabi,Manta San,Lorenzo
Manabi,Manta Santa Marianita (Boca De,Pacoche)
Manabi,Montecristi Anibal San,Andres
Manabi,Montecristi,Montecristi
Manabi,Montecristi El,Colorado
Manabi,Montecristi General Eloy,Alfaro
Manabi,Montecristi Leonidas,Proaño
Manabi,Montecristi,Jaramijo
Manabi,Montecristi La,Pila
Manabi,Pajan,Pajan
Manabi,Pajan Campozano (La Palma De,Pajan)
Manabi,Pajan,Cascol
Manabi,Pajan,Guale
Manabi,Pajan,Lascano
Manabi,Pichincha,Pichincha
Manabi,Pichincha,Barraganete
Manabi,Pichincha San,Sebastian
Manabi,Rocafuerte,Rocafuerte
Manabi,Santa Ana Santa,Ana
Manabi,Santa Ana,Lodana
Manabi,Santa Ana Santa Ana De Vuelta,Larga
Manabi,Santa Ana,Ayacucho
Manabi,Santa Ana Honorato Vasquez (Cab. En,Vasquez)
Manabi,Santa Ana La,Union
Manabi,Santa Ana,Olmedo
Manabi,Santa Ana San Pablo (Cab. En Pueblo,Nuevo)
Manabi,Sucre Bahia De,Caraquez
Manabi,Sucre Leonidas Plaza,Gutierrez
Manabi,Sucre,Canoa
Manabi,Sucre,Cojimies
Manabi,Sucre,Charapoto
Manabi,Sucre 10 De,Agosto
Manabi,Sucre,Jama
Manabi,Sucre,Pedernales
Manabi,Sucre San,Isidro
Manabi,Sucre San,Vicente
Manabi,Tosagua,Tosagua
Manabi,Tosagua,Bachillero
Manabi,Tosagua Angel Pedro Giler (La,Estancilla)
Manabi,24 De Mayo,Sucre
Manabi,24 De Mayo,Bellavista
Manabi,24 De Mayo,Noboa
Manabi,24 De Mayo Arq. Sixto Duran,Ballen
Manabi,Pedernales,Pedernales
Manabi,Pedernales,Cojimies
Manabi,Pedernales 10 De,Agosto
Manabi,Pedernales,Atahualpa
Manabi,Olmedo,Olmedo
Manabi,Puerto Lopez Puerto,Lopez
Manabi,Puerto Lopez,Machalilla
Manabi,Puerto Lopez,Salango
Manabi,Jama,Jama
Manabi,Jaramijo,Jaramijo
Manabi,San Vicente San,Vicente
Manabi,San Vicente,Canoa
Morona,Santiago Morona,Macas
Morona,Santiago Morona Alshi (Cab. En 9 De,Octubre)
Morona,Santiago Morona,Chiguaza
Morona,Santiago Morona General,Proaño
Morona,Santiago Morona Huasaga (Cab.En,Wampuik)
Morona,Santiago Morona,Macuma
Morona,Santiago Morona San,Isidro
Morona,Santiago Morona Sevilla Don,Bosco
Morona,Santiago Morona,Sinai
Morona,Santiago Morona,Taisha
Morona,Santiago Morona Zuña,(Zuñac)
Morona,Santiago Morona,Tuutinentza
Morona,Santiago Morona,Cuchaentza
Morona,Santiago Morona San Jose De,Morona
Morona,Santiago Morona Rio,Blanco
Morona,Santiago Gualaquiza,Gualaquiza
Morona,Santiago Gualaquiza Mercedes,Molina
Morona,Santiago Gualaquiza Amazonas (Rosario De,Cuyes)
Morona,Santiago Gualaquiza,Bermejos
Morona,Santiago Gualaquiza,Bomboiza
Morona,Santiago Gualaquiza,Chigüinda
Morona,Santiago Gualaquiza El,Rosario
Morona,Santiago Gualaquiza Nueva,Tarqui
Morona,Santiago Gualaquiza San Miguel De,Cuyes
Morona,Santiago Gualaquiza El,Ideal
Morona,Santiago Limon Indanza General Leonidas Plaza Gutierrez,(Limon)
Morona,Santiago Limon Indanza,Indanza
Morona,Santiago Limon Indanza Pan De,Azucar
Morona,Santiago Limon Indanza San Antonio (Cab. En San Antonio,Centro
Morona,Santiago Limon Indanza San Carlos De Limon (San Carlos,Del
Morona,Santiago Limon Indanza San Juan,Bosco
Morona,Santiago Limon Indanza San Miguel De,Conchay
Morona,Santiago Limon Indanza Santa Susana De Chiviaza (Cab. En,Chiviaza)
Morona,Santiago Limon Indanza Yunganza (Cab. En El,Rosario)
Morona,Santiago Palora Palora,(Metzera)
Morona,Santiago Palora,Arapicos
Morona,Santiago Palora Cumanda (Cab. En Colonia Agricola Sevilla Del,Oro)
Morona,Santiago Palora,Huamboya
Morona,Santiago Palora Sangay (Cab. En,Nayamanaca)
Morona,Santiago Santiago Santiago De,Mendez
Morona,Santiago Santiago,Copal
Morona,Santiago Santiago,Chupianza
Morona,Santiago Santiago,Patuca
Morona,Santiago Santiago San Luis De El Acho (Cab. En El,Acho)
Morona,Santiago Santiago,Santiago
Morona,Santiago Santiago,Tayuza
Morona,Santiago Santiago San Francisco De,Chinimbimi
Morona,Santiago Sucua,Sucua
Morona,Santiago Sucua,Asuncion
Morona,Santiago Sucua,Huambi
Morona,Santiago Sucua,Logroño
Morona,Santiago Sucua,Yaupi
Morona,Santiago Sucua Santa Marianita De,Jesus
Morona,Santiago Huamboya,Huamboya
Morona,Santiago Huamboya,Chiguaza
Morona,Santiago Huamboya Pablo,Sexto
Morona,Santiago San Juan Bosco San Juan,Bosco
Morona,Santiago San Juan Bosco Pan De,Azucar
Morona,Santiago San Juan Bosco San Carlos De,Limon
Morona,Santiago San Juan Bosco San Jacinto De,Wakambeis
Morona,Santiago San Juan Bosco Santiago De,Pananza
Morona,Santiago Taisha,Taisha
Morona,Santiago Taisha Huasaga (Cab. En,Wampuik)
Morona,Santiago Taisha,Macuma
Morona,Santiago Taisha,Tuutinentza
Morona,Santiago Taisha,Pumpuentsa
Morona,Santiago Logroño,Logroño
Morona,Santiago Logroño,Yaupi
Morona,Santiago Logroño,Shimpis
Morona,Santiago Pablo Sexto Pablo,Sexto
Morona,Santiago Tiwintza,Santiago
Morona,Santiago Tiwintza San Jose De,Morona
Napo,Tena,Tena
Napo,Tena,Ahuano
Napo,Tena Carlos Julio Arosemena Tola,(Zatza-Yacu)
Napo,Tena,Chontapunta
Napo,Tena,Pano
Napo,Tena Puerto,Misahualli
Napo,Tena Puerto,Napo
Napo,Tena,Talag
Napo,Tena San Juan De,Muyuna
Napo,Archidona,Archidona
Napo,Archidona,Avila
Napo,Archidona,Cotundo
Napo,Archidona,Loreto
Napo,Archidona San Pablo De,Ushpayacu
Napo,Archidona Puerto,Murialdo
Napo,El Chaco El,Chaco
Napo,El Chaco Gonzalo Díaz De Pineda (El,Bombon)
Napo,El Chaco,Linares
Napo,El Chaco,Oyacachi
Napo,El Chaco Santa,Rosa
Napo,El Chaco,Sardinas
Napo,Quijos,Baeza
Napo,Quijos,Cosanga
Napo,Quijos,Cuyuja
Napo,Quijos,Papallacta
Napo,Quijos San Francisco De Borja (Virgilio,Davila)
Napo,Quijos San Jose Del,Payamino
Napo,Quijos,Sumaco
Napo,Carlos Julio Arosemena Tola Carlos Julio Arosemena,Tola
Pastaza,Pastaza,Puyo
Pastaza,Pastaza,Arajuno
Pastaza,Pastaza,Canelos
Pastaza,Pastaza,Curaray
Pastaza,Pastaza Diez De,Agosto
Pastaza,Pastaza,Fatima
Pastaza,Pastaza Montalvo,(Andoas)
Pastaza,Pastaza,Pomona
Pastaza,Pastaza Rio,Corrientes
Pastaza,Pastaza Rio,Tigre
Pastaza,Pastaza Santa,Clara
Pastaza,Pastaza,Sarayacu
Pastaza,Pastaza Simon Bolivar (Cab. En,Mushullacta)
Pastaza,Pastaza,Tarqui
Pastaza,Pastaza Teniente Hugo,Ortiz
Pastaza,Pastaza Veracruz (Indillama) (Cab. En,Indillama)
Pastaza,Pastaza El,Triunfo
Pastaza,Mera,Mera
Pastaza,Mera Madre,Tierra
Pastaza,Mera,Shell
Pastaza,Santa Clara Santa,Clara
Pastaza,Santa Clara San,Jose
Pastaza,Arajuno,Arajuno
Pastaza,Arajuno,Curaray
Pichincha,Quito Belisario,Quevedo
Pichincha,Quito,Carcelen
Pichincha,Quito Centro,Historico
Pichincha,Quito,Cochapamba
Pichincha,Quito Comite Del,Pueblo
Pichincha,Quito,Cotocollao
Pichincha,Quito,Chilibulo
Pichincha,Quito,Chillogallo
Pichincha,Quito,Chimbacalle
Pichincha,Quito El,Condado
Pichincha,Quito,Guamani
Pichincha,Quito,Iñaquito
Pichincha,Quito,Itchimbia
Pichincha,Quito,Jipijapa
Pichincha,Quito,Kennedy
Pichincha,Quito La,Argelia
Pichincha,Quito La,Concepcion
Pichincha,Quito La,Ecuatoriana
Pichincha,Quito La,Ferroviaria
Pichincha,Quito La,Libertad
Pichincha,Quito La,Magdalena
Pichincha,Quito La,Mena
Pichincha,Quito Mariscal,Sucre
Pichincha,Quito,Ponceano
Pichincha,Quito,Puengasi
Pichincha,Quito,Quitumbe
Pichincha,Quito,Rumipamba
Pichincha,Quito San,Bartolo
Pichincha,Quito San Isidro Del,Inca
Pichincha,Quito San,Juan
Pichincha,Quito,Solanda
Pichincha,Quito,Turubamba
Pichincha,Quito Quito Distrito,Metropolitano
Pichincha,Quito,Alangasi
Pichincha,Quito,Amaguaña
Pichincha,Quito,Atahualpa
Pichincha,Quito,Calacali
Pichincha,Quito,Calderon
Pichincha,Quito,Conocoto
Pichincha,Quito,Cumbaya
Pichincha,Quito,Chavezpamba
Pichincha,Quito,Checa
Pichincha,Quito El,Quinche
Pichincha,Quito,Gualea
Pichincha,Quito,Guangopolo
Pichincha,Quito,Guayllabamba
Pichincha,Quito La,Merced
Pichincha,Quito Llano,Chico
Pichincha,Quito,Lloa
Pichincha,Quito,Mindo
Pichincha,Quito,Nanegal
Pichincha,Quito,Nanegalito
Pichincha,Quito,Nayon
Pichincha,Quito,Nono
Pichincha,Quito,Pacto
Pichincha,Quito Pedro Vicente,Maldonado
Pichincha,Quito,Perucho
Pichincha,Quito,Pifo
Pichincha,Quito,Pintag
Pichincha,Quito,Pomasqui
Pichincha,Quito,Puellaro
Pichincha,Quito,Puembo
Pichincha,Quito San,Antonio
Pichincha,Quito San Jose De,Minas
Pichincha,Quito San Miguel De Los,Bancos
Pichincha,Quito,Tababela
Pichincha,Quito,Tumbaco
Pichincha,Quito,Yaruqui
Pichincha,Quito,Zambiza
Pichincha,Quito Puerto,Quito
Pichincha,Cayambe,Ayora
Pichincha,Cayambe,Cayambe
Pichincha,Cayambe Juan,Montalvo
Pichincha,Cayambe,Ascazubi
Pichincha,Cayambe,Cangahua
Pichincha,Cayambe Olmedo,(Pesillo)
Pichincha,Cayambe,Oton
Pichincha,Cayambe Santa Rosa De,Cuzubamba
Pichincha,Mejia,Machachi
Pichincha,Mejia,Aloag
Pichincha,Mejia,Aloasi
Pichincha,Mejia,Cutuglahua
Pichincha,Mejia El,Chaupi
Pichincha,Mejia Manuel Cornejo Astorga,(Tandapi)
Pichincha,Mejia,Tambillo
Pichincha,Mejia,Uyumbicho
Pichincha,Pedro Moncayo,Tabacundo
Pichincha,Pedro Moncayo La,Esperanza
Pichincha,Pedro Moncayo,Malchingui
Pichincha,Pedro Moncayo,Tocachi
Pichincha,Pedro Moncayo,Tupigachi
Pichincha,Rumiñahui,Sangolqui
Pichincha,Rumiñahui San Pedro De,Taboada
Pichincha,Rumiñahui San,Rafael
Pichincha,Rumiñahui,Cotogchoa
Pichincha,Rumiñahui,Rumipamba
Pichincha,San Miguel De Los Bancos San Miguel De Los,Bancos
Pichincha,San Miguel De Los Bancos,Mindo
Pichincha,San Miguel De Los Bancos Pedro Vicente,Maldonado
Pichincha,San Miguel De Los Bancos Puerto,Quito
Pichincha,Pedro Vicente Maldonado Pedro Vicente,Maldonado
Pichincha,Puerto Quito Puerto,Quito
Tungurahua,Ambato Atocha –,Ficoa
Tungurahua,Ambato Celiano,Monge
Tungurahua,Ambato Huachi,Chico
Tungurahua,Ambato Huachi,Loreto
Tungurahua,Ambato La,Merced
Tungurahua,Ambato La,Peninsula
Tungurahua,Ambato,Matriz
Tungurahua,Ambato,Pishilata
Tungurahua,Ambato San,Francisco
Tungurahua,Ambato,Ambato
Tungurahua,Ambato,Ambatillo
Tungurahua,Ambato Atahualpa,(Chisalata)
Tungurahua,Ambato Augusto N. Martinez,(Mundugleo)
Tungurahua,Ambato Constantino Fernandez (Cab. En,Cullitahua)
Tungurahua,Ambato Huachi,Grande
Tungurahua,Ambato,Izamba
Tungurahua,Ambato Juan Benigno,Vela
Tungurahua,Ambato,Montalvo
Tungurahua,Ambato,Pasa
Tungurahua,Ambato,Picaigua
Tungurahua,Ambato Pilagüin,(Pilahüin)
Tungurahua,Ambato Quisapincha,(Quizapincha)
Tungurahua,Ambato San Bartolome De,Pinllog
Tungurahua,Ambato San Fernando (Pasa San,Fernando)
Tungurahua,Ambato Santa,Rosa
Tungurahua,Ambato,Totoras
Tungurahua,Ambato,Cunchibamba
Tungurahua,Ambato,Unamuncho
Tungurahua,Baños De Agua Santa Baños De Agua,Santa
Tungurahua,Baños De Agua Santa,Lligua
Tungurahua,Baños De Agua Santa Rio,Negro
Tungurahua,Baños De Agua Santa Rio,Verde
Tungurahua,Baños De Agua Santa,Ulba
Tungurahua,Cevallos,Cevallos
Tungurahua,Mocha,Mocha
Tungurahua,Mocha,Pinguili
Tungurahua,Patate,Patate
Tungurahua,Patate El,Triunfo
Tungurahua,Patate Los Andes (Cab. En,Poatug)
Tungurahua,Patate Sucre (Cab. En Sucre-Patate,Urcu)
Tungurahua,Quero,Quero
Tungurahua,Quero,Rumipamba
Tungurahua,Quero Yanayacu - Mochapata (Cab. En,Yanayacu)
Tungurahua,San Pedro De Pelileo,Pelileo
Tungurahua,San Pedro De Pelileo Pelileo,Grande
Tungurahua,San Pedro De Pelileo Benitez,(Pachanlica)
Tungurahua,San Pedro De Pelileo,Bolivar
Tungurahua,San Pedro De Pelileo,Cotalo
Tungurahua,San Pedro De Pelileo Chiquicha (Cab. En Chiquicha,Grande)
Tungurahua,San Pedro De Pelileo El Rosario,(Rumichaca)
Tungurahua,San Pedro De Pelileo Garcia Moreno,(Chumaqui)
Tungurahua,San Pedro De Pelileo Guambalo,(Huambalo)
Tungurahua,San Pedro De Pelileo,Salasaca
Tungurahua,Santiago De Pillaro Ciudad,Nueva
Tungurahua,Santiago De Pillaro,Pillaro
Tungurahua,Santiago De Pillaro Baquerizo,Moreno
Tungurahua,Santiago De Pillaro Emilio Maria Teran,(Rumipamba)
Tungurahua,Santiago De Pillaro Marcos Espinel,(Chacata)
Tungurahua,Santiago De Pillaro Presidente Urbina (Chagrapamba,-Patzucul)
Tungurahua,Santiago De Pillaro San,Andres
Tungurahua,Santiago De Pillaro San Jose De,Poalo
Tungurahua,Santiago De Pillaro San,Miguelito
Tungurahua,Tisaleo,Tisaleo
Tungurahua,Tisaleo,Quinchicoto
Zamora,Chinchipe Zamora El,Limon
Zamora,Chinchipe Zamora,Zamora
Zamora,Chinchipe Zamora,Cumbaratza
Zamora,Chinchipe Zamora,Guadalupe
Zamora,Chinchipe Zamora Imbana (La Victoria De,Imbana)
Zamora,Chinchipe Zamora,Paquisha
Zamora,Chinchipe Zamora,Sabanilla
Zamora,Chinchipe Zamora,Timbara
Zamora,Chinchipe Zamora,Zumbi
Zamora,Chinchipe Zamora San Carlos De Las,Minas
Zamora,Chinchipe Chinchipe,Zumba
Zamora,Chinchipe Chinchipe,Chito
Zamora,Chinchipe Chinchipe El,Chorro
Zamora,Chinchipe Chinchipe El Porvenir Del,Carmen
Zamora,Chinchipe Chinchipe La,Chonta
Zamora,Chinchipe Chinchipe,Palanda
Zamora,Chinchipe Chinchipe,Pucapamba
Zamora,Chinchipe Chinchipe San Francisco Del,Vergel
Zamora,Chinchipe Chinchipe,Valladolid
Zamora,Chinchipe Chinchipe San,Andres
Zamora,Chinchipe Nangaritza,Guayzimi
Zamora,Chinchipe Nangaritza,Zurmi
Zamora,Chinchipe Nangaritza Nuevo,Paraiso
Zamora,Chinchipe Yacuambi 28 De Mayo (San Jose De,Yacuambi)
Zamora,Chinchipe Yacuambi La,Paz
Zamora,Chinchipe Yacuambi,Tutupali
Zamora,Chinchipe Yantzaza (Yanzatza) Yantzaza,(Yanzatza)
Zamora,Chinchipe Yantzaza (Yanzatza),Chicaña
Zamora,Chinchipe Yantzaza (Yanzatza) El,Pangui
Zamora,Chinchipe Yantzaza (Yanzatza) Los,Encuentros
Zamora,Chinchipe El Pangui El,Pangui
Zamora,Chinchipe El Pangui El,Guisme
Zamora,Chinchipe El Pangui,Pachicutza
Zamora,Chinchipe El Pangui,Tundayme
Zamora,Chinchipe Centinela Del Condor,Zumbi
Zamora,Chinchipe Centinela Del Condor,Paquisha
Zamora,Chinchipe Centinela Del Condor,Triunfo-Dorado
Zamora,Chinchipe Centinela Del Condor,Panguintza
Zamora,Chinchipe Palanda,Palanda
Zamora,Chinchipe Palanda El Porvenir Del,Carmen
Zamora,Chinchipe Palanda San Francisco Del,Vergel
Zamora,Chinchipe Palanda,Valladolid
Zamora,Chinchipe Palanda La,Canela
Zamora,Chinchipe Paquisha,Paquisha
Zamora,Chinchipe Paquisha,Bellavista
Zamora,Chinchipe Paquisha Nuevo,Quito
Galapagos,San Cristobal Puerto Baquerizo,Moreno
Galapagos,San Cristobal El,Progreso
Galapagos,San Cristobal Isla Santa Maria (Floreana) (Cab. En Pto. Velasco,Ibarra)
Galapagos,Isabela Puerto,Villamil
Galapagos,Isabela Tomas De Berlanga (Santo,Tomas)
Galapagos,Santa Cruz Puerto,Ayora
Galapagos,Santa Cruz,Bellavista
Galapagos,Santa Cruz Santa Rosa (Incluye La Isla,Baltra)
Sucumbios,Lago Agrio Nueva,Loja
Sucumbios,Lago Agrio,Cuyabeno
Sucumbios,Lago Agrio,Dureno
Sucumbios,Lago Agrio General,Farfan
Sucumbios,Lago Agrio,Tarapoa
Sucumbios,Lago Agrio El,Eno
Sucumbios,Lago Agrio,Pacayacu
Sucumbios,Lago Agrio,Jambeli
Sucumbios,Lago Agrio Santa,Cecilia
Sucumbios,Lago Agrio Aguas,Negras
Sucumbios,Gonzalo Pizarro El Dorado De,Cascales
Sucumbios,Gonzalo Pizarro El,Reventador
Sucumbios,Gonzalo Pizarro Gonzalo,Pizarro
Sucumbios,Gonzalo Pizarro,Lumbaqui
Sucumbios,Gonzalo Pizarro Puerto,Libre
Sucumbios,Gonzalo Pizarro Santa Rosa De,Sucumbios
Sucumbios,Putumayo Puerto El Carmen Del,Putumayo
Sucumbios,Putumayo Palma,Roja
Sucumbios,Putumayo Puerto Bolivar (Puerto,Montufar)
Sucumbios,Putumayo Puerto,Rodriguez
Sucumbios,Putumayo Santa,Elena
Sucumbios,Shushufindi,Shushufindi
Sucumbios,Shushufindi,Limoncocha
Sucumbios,Shushufindi,Pañacocha
Sucumbios,Shushufindi San Roque (Cab. En San,Vicente)
Sucumbios,Shushufindi San Pedro De Los,Cofanes
Sucumbios,Shushufindi Siete De,Julio
Sucumbios,Sucumbios La,Bonita
Sucumbios,Sucumbios El Playon De San,Francisco
Sucumbios,Sucumbios La,Sofia
Sucumbios,Sucumbios Rosa,Florida
Sucumbios,Sucumbios Santa,Barbara
Sucumbios,Cascales El Dorado De,Cascales
Sucumbios,Cascales Santa Rosa De,Sucumbios
Sucumbios,Cascales,Sevilla
Sucumbios,Cuyabeno,Tarapoa
Sucumbios,Cuyabeno,Cuyabeno
Sucumbios,Cuyabeno Aguas,Negras
Orellana,Orellana Puerto Francisco De Orellana (El,Coca)
Orellana,Orellana,Dayuma
Orellana,Orellana Taracoa (Nueva Esperanza:,Yuca)
Orellana,Orellana Alejandro,Labaka
Orellana,Orellana El,Dorado
Orellana,Orellana El,Eden
Orellana,Orellana Garcia,Moreno
Orellana,Orellana Ines Arango (Cab. En,Western)
Orellana,Orellana La,Belleza
Orellana,Orellana Nuevo Paraiso (Cab. En,Union
Orellana,Orellana San Jose De,Guayusa
Orellana,Orellana San Luis De,Armenia
Orellana,Aguarico,Tipitini
Orellana,Aguarico Nuevo,Rocafuerte
Orellana,Aguarico Capitan Augusto,Rivadeneyra
Orellana,Aguarico,Cononaco
Orellana,Aguarico Santa Maria De,Huiririma
Orellana,Aguarico,Tiputini
Orellana,Aguarico,Yasuni
Orellana,La Joya De Los Sachas La Joya De Los,Sachas
Orellana,La Joya De Los Sachas,Enokanqui
Orellana,La Joya De Los Sachas,Pompeya
Orellana,La Joya De Los Sachas San,Carlos
Orellana,La Joya De Los Sachas San Sebastian Del,Coca
Orellana,La Joya De Los Sachas Lago San,Pedro
Orellana,La Joya De Los Sachas,Rumipamba
Orellana,La Joya De Los Sachas Tres De,Noviembre
Orellana,La Joya De Los Sachas Union,Milagreña
Orellana,Loreto,Loreto
Orellana,Loreto Avila (Cab. En,Huiruno)
Orellana,Loreto Puerto,Murialdo
Orellana,Loreto San Jose De,Payamino
Orellana,Loreto San Jose De,Dahuano
Orellana,Loreto San Vicente De,Huaticocha
Santo,Domingo De Los Tsachilas Santo Domingo Abraham,Calazacon
Santo,Domingo De Los Tsachilas Santo Domingo,Bomboli
Santo,Domingo De Los Tsachilas Santo Domingo,Chiguilpe
Santo,Domingo De Los Tsachilas Santo Domingo Rio,Toachi
Santo,Domingo De Los Tsachilas Santo Domingo Rio,Verde
Santo,Domingo De Los Tsachilas Santo Domingo Santo Domingo De Los,Colorados
Santo,Domingo De Los Tsachilas Santo Domingo,Zaracay
Santo,Domingo De Los Tsachilas Santo Domingo,Alluriquin
Santo,Domingo De Los Tsachilas Santo Domingo Puerto,Limon
Santo,Domingo De Los Tsachilas Santo Domingo Luz De,America
Santo,Domingo De Los Tsachilas Santo Domingo San Jacinto Del,Bua
Santo,Domingo De Los Tsachilas Santo Domingo Valle,Hermoso
Santo,Domingo De Los Tsachilas Santo Domingo El,Esfuerzo
Santo,Domingo De Los Tsachilas Santo Domingo Santa Maria Del,Toachi
Santa,Elena Santa Elena,Ballenita
Santa,Elena Santa Elena Santa,Elena
Santa,Elena Santa Elena,Atahualpa
Santa,Elena Santa Elena,Colonche
Santa,Elena Santa Elena,Chanduy
Santa,Elena Santa Elena,Manglaralto
Santa,Elena Santa Elena Simon Bolivar (Julio,Moreno)
Santa,Elena Santa Elena San Jose De,Ancon
Santa,Elena La Libertad La,Libertad
Santa,Elena Salinas Carlos Espinoza,Larrea
Santa,Elena Salinas Gral. Alberto Enriquez,Gallo
Santa,Elena Salinas Vicente,Rocafuerte
Santa,Elena Salinas Santa,Rosa
Santa,Elena Salinas,Salinas
Santa,Elena Salinas,Anconcito
Santa,Elena Salinas Jose Luis Tamayo,(Muey)
Zonas,No Delimitadas Las Golondrinas Las,Golondrinas
Zonas,No Delimitadas Manga Del Cura Manga Del,Cura
Zonas,No Delimitadas El Piedrero El,Piedrero
